<?xml version="1.0" ?>
<template encoding-version="1.1">
  <description></description>
  <groupId>31f38cca-015f-1000-8e90-6da1ba7b484d</groupId>
  <name>Twitter_New</name>
  <snippet>
    <connections>
      <id>b87318e3-b5ae-3b2f-0000-000000000000</id>
      <parentGroupId>36937aa6-c7e5-385c-0000-000000000000</parentGroupId>
      <backPressureDataSizeThreshold>1 GB</backPressureDataSizeThreshold>
      <backPressureObjectThreshold>10000</backPressureObjectThreshold>
      <destination>
        <groupId>36937aa6-c7e5-385c-0000-000000000000</groupId>
        <id>f669ecbf-4928-35a4-0000-000000000000</id>
        <type>PROCESSOR</type>
      </destination>
      <flowFileExpiration>0 sec</flowFileExpiration>
      <labelIndex>1</labelIndex>
      <name></name>
      <selectedRelationships>merged</selectedRelationships>
      <source>
        <groupId>36937aa6-c7e5-385c-0000-000000000000</groupId>
        <id>7312ba66-dd08-35b7-0000-000000000000</id>
        <type>PROCESSOR</type>
      </source>
      <zIndex>0</zIndex>
    </connections>
    <connections>
      <id>62fb571f-bdf6-396d-0000-000000000000</id>
      <parentGroupId>36937aa6-c7e5-385c-0000-000000000000</parentGroupId>
      <backPressureDataSizeThreshold>1 GB</backPressureDataSizeThreshold>
      <backPressureObjectThreshold>10000</backPressureObjectThreshold>
      <destination>
        <groupId>36937aa6-c7e5-385c-0000-000000000000</groupId>
        <id>7312ba66-dd08-35b7-0000-000000000000</id>
        <type>PROCESSOR</type>
      </destination>
      <flowFileExpiration>0 sec</flowFileExpiration>
      <labelIndex>1</labelIndex>
      <name></name>
      <selectedRelationships>success</selectedRelationships>
      <source>
        <groupId>36937aa6-c7e5-385c-0000-000000000000</groupId>
        <id>3937b63b-9ad8-3b9f-0000-000000000000</id>
        <type>PROCESSOR</type>
      </source>
      <zIndex>0</zIndex>
    </connections>
    <processors>
      <id>f669ecbf-4928-35a4-0000-000000000000</id>
      <parentGroupId>36937aa6-c7e5-385c-0000-000000000000</parentGroupId>
      <position>
        <x>5.0</x>
        <y>385.99999999999994</y>
      </position>
      <bundle>
        <artifact>nifi-standard-nar</artifact>
        <group>org.apache.nifi</group>
        <version>1.3.0</version>
      </bundle>
      <config>
        <bulletinLevel>WARN</bulletinLevel>
        <comments></comments>
        <concurrentlySchedulableTaskCount>1</concurrentlySchedulableTaskCount>
        <descriptors>
          <entry>
            <key>Directory</key>
            <value>
              <name>Directory</name>
            </value>
          </entry>
          <entry>
            <key>Conflict Resolution Strategy</key>
            <value>
              <name>Conflict Resolution Strategy</name>
            </value>
          </entry>
          <entry>
            <key>Create Missing Directories</key>
            <value>
              <name>Create Missing Directories</name>
            </value>
          </entry>
          <entry>
            <key>Maximum File Count</key>
            <value>
              <name>Maximum File Count</name>
            </value>
          </entry>
          <entry>
            <key>Last Modified Time</key>
            <value>
              <name>Last Modified Time</name>
            </value>
          </entry>
          <entry>
            <key>Permissions</key>
            <value>
              <name>Permissions</name>
            </value>
          </entry>
          <entry>
            <key>Owner</key>
            <value>
              <name>Owner</name>
            </value>
          </entry>
          <entry>
            <key>Group</key>
            <value>
              <name>Group</name>
            </value>
          </entry>
        </descriptors>
        <executionNode>ALL</executionNode>
        <lossTolerant>false</lossTolerant>
        <penaltyDuration>30 sec</penaltyDuration>
        <properties>
          <entry>
            <key>Directory</key>
            <value>/tmp/tweet</value>
          </entry>
          <entry>
            <key>Conflict Resolution Strategy</key>
            <value>fail</value>
          </entry>
          <entry>
            <key>Create Missing Directories</key>
            <value>true</value>
          </entry>
          <entry>
            <key>Maximum File Count</key>
          </entry>
          <entry>
            <key>Last Modified Time</key>
          </entry>
          <entry>
            <key>Permissions</key>
          </entry>
          <entry>
            <key>Owner</key>
          </entry>
          <entry>
            <key>Group</key>
          </entry>
        </properties>
        <runDurationMillis>0</runDurationMillis>
        <schedulingPeriod>0 sec</schedulingPeriod>
        <schedulingStrategy>TIMER_DRIVEN</schedulingStrategy>
        <yieldDuration>1 sec</yieldDuration>
      </config>
      <name>PutFile</name>
      <relationships>
        <autoTerminate>true</autoTerminate>
        <name>failure</name>
      </relationships>
      <relationships>
        <autoTerminate>true</autoTerminate>
        <name>success</name>
      </relationships>
      <style></style>
      <type>org.apache.nifi.processors.standard.PutFile</type>
    </processors>
    <processors>
      <id>3937b63b-9ad8-3b9f-0000-000000000000</id>
      <parentGroupId>36937aa6-c7e5-385c-0000-000000000000</parentGroupId>
      <position>
        <x>4.0</x>
        <y>0.0</y>
      </position>
      <bundle>
        <artifact>nifi-social-media-nar</artifact>
        <group>org.apache.nifi</group>
        <version>1.3.0</version>
      </bundle>
      <config>
        <bulletinLevel>WARN</bulletinLevel>
        <comments></comments>
        <concurrentlySchedulableTaskCount>1</concurrentlySchedulableTaskCount>
        <descriptors>
          <entry>
            <key>Twitter Endpoint</key>
            <value>
              <name>Twitter Endpoint</name>
            </value>
          </entry>
          <entry>
            <key>Consumer Key</key>
            <value>
              <name>Consumer Key</name>
            </value>
          </entry>
          <entry>
            <key>Consumer Secret</key>
            <value>
              <name>Consumer Secret</name>
            </value>
          </entry>
          <entry>
            <key>Access Token</key>
            <value>
              <name>Access Token</name>
            </value>
          </entry>
          <entry>
            <key>Access Token Secret</key>
            <value>
              <name>Access Token Secret</name>
            </value>
          </entry>
          <entry>
            <key>Languages</key>
            <value>
              <name>Languages</name>
            </value>
          </entry>
          <entry>
            <key>Terms to Filter On</key>
            <value>
              <name>Terms to Filter On</name>
            </value>
          </entry>
          <entry>
            <key>IDs to Follow</key>
            <value>
              <name>IDs to Follow</name>
            </value>
          </entry>
          <entry>
            <key>Locations to Filter On</key>
            <value>
              <name>Locations to Filter On</name>
            </value>
          </entry>
        </descriptors>
        <executionNode>ALL</executionNode>
        <lossTolerant>false</lossTolerant>
        <penaltyDuration>30 sec</penaltyDuration>
        <properties>
          <entry>
            <key>Twitter Endpoint</key>
            <value>Filter Endpoint</value>
          </entry>
          <entry>
            <key>Consumer Key</key>
            <value>AMKvUcByiXS34q6vsFXXLThbT</value>
          </entry>
          <entry>
            <key>Consumer Secret</key>
          </entry>
          <entry>
            <key>Access Token</key>
            <value>824240474496049153-0S34IxVJema3qUgTcPOUd9uZNtcBbSE</value>
          </entry>
          <entry>
            <key>Access Token Secret</key>
          </entry>
          <entry>
            <key>Languages</key>
          </entry>
          <entry>
            <key>Terms to Filter On</key>
            <value>crime,murder,rape,terrorist,attack,gun,shooting,isis,interpol,police,distress</value>
          </entry>
          <entry>
            <key>IDs to Follow</key>
          </entry>
          <entry>
            <key>Locations to Filter On</key>
          </entry>
        </properties>
        <runDurationMillis>0</runDurationMillis>
        <schedulingPeriod>1sec</schedulingPeriod>
        <schedulingStrategy>TIMER_DRIVEN</schedulingStrategy>
        <yieldDuration>1 sec</yieldDuration>
      </config>
      <name>GetTwitter</name>
      <relationships>
        <autoTerminate>false</autoTerminate>
        <name>success</name>
      </relationships>
      <style></style>
      <type>org.apache.nifi.processors.twitter.GetTwitter</type>
    </processors>
    <processors>
      <id>7312ba66-dd08-35b7-0000-000000000000</id>
      <parentGroupId>36937aa6-c7e5-385c-0000-000000000000</parentGroupId>
      <position>
        <x>0.0</x>
        <y>191.99999999999994</y>
      </position>
      <bundle>
        <artifact>nifi-standard-nar</artifact>
        <group>org.apache.nifi</group>
        <version>1.3.0</version>
      </bundle>
      <config>
        <bulletinLevel>WARN</bulletinLevel>
        <comments></comments>
        <concurrentlySchedulableTaskCount>1</concurrentlySchedulableTaskCount>
        <descriptors>
          <entry>
            <key>Merge Strategy</key>
            <value>
              <name>Merge Strategy</name>
            </value>
          </entry>
          <entry>
            <key>Merge Format</key>
            <value>
              <name>Merge Format</name>
            </value>
          </entry>
          <entry>
            <key>Attribute Strategy</key>
            <value>
              <name>Attribute Strategy</name>
            </value>
          </entry>
          <entry>
            <key>Correlation Attribute Name</key>
            <value>
              <name>Correlation Attribute Name</name>
            </value>
          </entry>
          <entry>
            <key>Minimum Number of Entries</key>
            <value>
              <name>Minimum Number of Entries</name>
            </value>
          </entry>
          <entry>
            <key>Maximum Number of Entries</key>
            <value>
              <name>Maximum Number of Entries</name>
            </value>
          </entry>
          <entry>
            <key>Minimum Group Size</key>
            <value>
              <name>Minimum Group Size</name>
            </value>
          </entry>
          <entry>
            <key>Maximum Group Size</key>
            <value>
              <name>Maximum Group Size</name>
            </value>
          </entry>
          <entry>
            <key>Max Bin Age</key>
            <value>
              <name>Max Bin Age</name>
            </value>
          </entry>
          <entry>
            <key>Maximum number of Bins</key>
            <value>
              <name>Maximum number of Bins</name>
            </value>
          </entry>
          <entry>
            <key>Delimiter Strategy</key>
            <value>
              <name>Delimiter Strategy</name>
            </value>
          </entry>
          <entry>
            <key>Header File</key>
            <value>
              <name>Header File</name>
            </value>
          </entry>
          <entry>
            <key>Footer File</key>
            <value>
              <name>Footer File</name>
            </value>
          </entry>
          <entry>
            <key>Demarcator File</key>
            <value>
              <name>Demarcator File</name>
            </value>
          </entry>
          <entry>
            <key>Compression Level</key>
            <value>
              <name>Compression Level</name>
            </value>
          </entry>
          <entry>
            <key>Keep Path</key>
            <value>
              <name>Keep Path</name>
            </value>
          </entry>
        </descriptors>
        <executionNode>ALL</executionNode>
        <lossTolerant>false</lossTolerant>
        <penaltyDuration>30 sec</penaltyDuration>
        <properties>
          <entry>
            <key>Merge Strategy</key>
            <value>Bin-Packing Algorithm</value>
          </entry>
          <entry>
            <key>Merge Format</key>
            <value>Binary Concatenation</value>
          </entry>
          <entry>
            <key>Attribute Strategy</key>
            <value>Keep Only Common Attributes</value>
          </entry>
          <entry>
            <key>Correlation Attribute Name</key>
          </entry>
          <entry>
            <key>Minimum Number of Entries</key>
            <value>100</value>
          </entry>
          <entry>
            <key>Maximum Number of Entries</key>
            <value>1000</value>
          </entry>
          <entry>
            <key>Minimum Group Size</key>
            <value>0 B</value>
          </entry>
          <entry>
            <key>Maximum Group Size</key>
          </entry>
          <entry>
            <key>Max Bin Age</key>
          </entry>
          <entry>
            <key>Maximum number of Bins</key>
            <value>5</value>
          </entry>
          <entry>
            <key>Delimiter Strategy</key>
            <value>Filename</value>
          </entry>
          <entry>
            <key>Header File</key>
          </entry>
          <entry>
            <key>Footer File</key>
          </entry>
          <entry>
            <key>Demarcator File</key>
          </entry>
          <entry>
            <key>Compression Level</key>
            <value>1</value>
          </entry>
          <entry>
            <key>Keep Path</key>
            <value>false</value>
          </entry>
        </properties>
        <runDurationMillis>0</runDurationMillis>
        <schedulingPeriod>0 sec</schedulingPeriod>
        <schedulingStrategy>TIMER_DRIVEN</schedulingStrategy>
        <yieldDuration>1 sec</yieldDuration>
      </config>
      <name>MergeContent</name>
      <relationships>
        <autoTerminate>true</autoTerminate>
        <name>failure</name>
      </relationships>
      <relationships>
        <autoTerminate>false</autoTerminate>
        <name>merged</name>
      </relationships>
      <relationships>
        <autoTerminate>true</autoTerminate>
        <name>original</name>
      </relationships>
      <style></style>
      <type>org.apache.nifi.processors.standard.MergeContent</type>
    </processors>
  </snippet>
  <timestamp>10/19/2017 01:14:24 UTC</timestamp>
</template>