{"owner":{"displayName":"Data Lake Administrator","email":null,"enabled":true,"groups":["admin","user"],"systemName":"dladmin"},"allowedActions":{"actions":[{"systemName":"accessTemplate","actions":[{"systemName":"editTemplate"},{"systemName":"deleteTemplate"},{"systemName":"exportTemplate"},{"systemName":"createFeedFromTemplate"},{"systemName":"changeTemplatePermissions"}]}]},"roleMemberships":[],"feedRoleMemberships":[],"properties":[{"processGroupName":"NiFi Flow","processorName":"GetTwitter","processorId":"3937b63b-9ad8-3b9f-52ee-57e97721bc7f","processGroupId":"32325bca-015f-1000-da66-9ac532d046e8","processorType":"org.apache.nifi.processors.twitter.GetTwitter","key":"Access Token","value":"824240474496049153-0S34IxVJema3qUgTcPOUd9uZNtcBbSE","expressionProperties":null,"propertyDescriptor":{"name":"Access Token","displayName":"Access Token","description":"The Access Token provided by Twitter","defaultValue":null,"allowableValues":null,"required":true,"sensitive":false,"dynamic":false,"supportsEl":false,"identifiesControllerService":null},"templateValue":"824240474496049153-0S34IxVJema3qUgTcPOUd9uZNtcBbSE","userEditable":true,"renderType":"text","renderOptions":{},"selected":true,"inputProperty":true,"containsConfigurationVariables":false,"sensitive":false,"required":true,"templateProperty":null,"idKey":"32325bca-015f-1000-da66-9ac532d046e8-3937b63b-9ad8-3b9f-52ee-57e97721bc7f-Access Token","processorNameTypeKey":"GetTwitter-org.apache.nifi.processors.twitter.GetTwitter-Access Token","nameKey":"NiFi Flow-GetTwitter-Access Token"},{"processGroupName":"NiFi Flow","processorName":"GetTwitter","processorId":"3937b63b-9ad8-3b9f-52ee-57e97721bc7f","processGroupId":"32325bca-015f-1000-da66-9ac532d046e8","processorType":"org.apache.nifi.processors.twitter.GetTwitter","key":"Access Token Secret","value":null,"expressionProperties":null,"propertyDescriptor":{"name":"Access Token Secret","displayName":"Access Token Secret","description":"The Access Token Secret provided by Twitter","defaultValue":null,"allowableValues":null,"required":true,"sensitive":true,"dynamic":false,"supportsEl":false,"identifiesControllerService":null},"templateValue":"******","userEditable":true,"renderType":"text","renderOptions":{},"selected":true,"inputProperty":true,"containsConfigurationVariables":false,"sensitive":true,"required":true,"templateProperty":null,"idKey":"32325bca-015f-1000-da66-9ac532d046e8-3937b63b-9ad8-3b9f-52ee-57e97721bc7f-Access Token Secret","processorNameTypeKey":"GetTwitter-org.apache.nifi.processors.twitter.GetTwitter-Access Token Secret","nameKey":"NiFi Flow-GetTwitter-Access Token Secret"},{"processGroupName":"NiFi Flow","processorName":"GetTwitter","processorId":"3937b63b-9ad8-3b9f-52ee-57e97721bc7f","processGroupId":"32325bca-015f-1000-da66-9ac532d046e8","processorType":"org.apache.nifi.processors.twitter.GetTwitter","key":"Consumer Key","value":"AMKvUcByiXS34q6vsFXXLThbT","expressionProperties":null,"propertyDescriptor":{"name":"Consumer Key","displayName":"Consumer Key","description":"The Consumer Key provided by Twitter","defaultValue":null,"allowableValues":null,"required":true,"sensitive":false,"dynamic":false,"supportsEl":false,"identifiesControllerService":null},"templateValue":"AMKvUcByiXS34q6vsFXXLThbT","userEditable":true,"renderType":"text","renderOptions":{},"selected":true,"inputProperty":true,"containsConfigurationVariables":false,"sensitive":false,"required":true,"templateProperty":null,"idKey":"32325bca-015f-1000-da66-9ac532d046e8-3937b63b-9ad8-3b9f-52ee-57e97721bc7f-Consumer Key","processorNameTypeKey":"GetTwitter-org.apache.nifi.processors.twitter.GetTwitter-Consumer Key","nameKey":"NiFi Flow-GetTwitter-Consumer Key"},{"processGroupName":"NiFi Flow","processorName":"GetTwitter","processorId":"3937b63b-9ad8-3b9f-52ee-57e97721bc7f","processGroupId":"32325bca-015f-1000-da66-9ac532d046e8","processorType":"org.apache.nifi.processors.twitter.GetTwitter","key":"Consumer Secret","value":null,"expressionProperties":null,"propertyDescriptor":{"name":"Consumer Secret","displayName":"Consumer Secret","description":"The Consumer Secret provided by Twitter","defaultValue":null,"allowableValues":null,"required":true,"sensitive":true,"dynamic":false,"supportsEl":false,"identifiesControllerService":null},"templateValue":"******","userEditable":true,"renderType":"text","renderOptions":{},"selected":true,"inputProperty":true,"containsConfigurationVariables":false,"sensitive":true,"required":true,"templateProperty":null,"idKey":"32325bca-015f-1000-da66-9ac532d046e8-3937b63b-9ad8-3b9f-52ee-57e97721bc7f-Consumer Secret","processorNameTypeKey":"GetTwitter-org.apache.nifi.processors.twitter.GetTwitter-Consumer Secret","nameKey":"NiFi Flow-GetTwitter-Consumer Secret"},{"processGroupName":"NiFi Flow","processorName":"PutFile","processorId":"f669ecbf-4928-35a4-c8bd-8ea66f2193dc","processGroupId":"32325bca-015f-1000-da66-9ac532d046e8","processorType":"org.apache.nifi.processors.standard.PutFile","key":"Directory","value":"/var/dropzone/tweet","expressionProperties":null,"propertyDescriptor":{"name":"Directory","displayName":"Directory","description":"The directory to which files should be written. You may use expression language such as /aa/bb/${path}","defaultValue":null,"allowableValues":null,"required":true,"sensitive":false,"dynamic":false,"supportsEl":true,"identifiesControllerService":null},"templateValue":"/tmp/tweet","userEditable":false,"renderType":"text","renderOptions":{},"selected":true,"inputProperty":false,"containsConfigurationVariables":false,"sensitive":false,"required":true,"templateProperty":null,"idKey":"32325bca-015f-1000-da66-9ac532d046e8-f669ecbf-4928-35a4-c8bd-8ea66f2193dc-Directory","processorNameTypeKey":"PutFile-org.apache.nifi.processors.standard.PutFile-Directory","nameKey":"NiFi Flow-PutFile-Directory"}],"nonInputProcessors":[{"properties":[{"processGroupName":"NiFi Flow","processorName":"PutFile","processorId":"f669ecbf-4928-35a4-c8bd-8ea66f2193dc","processGroupId":"32325bca-015f-1000-da66-9ac532d046e8","processorType":"org.apache.nifi.processors.standard.PutFile","key":"Directory","value":"/var/dropzone/tweet","expressionProperties":null,"propertyDescriptor":{"name":"Directory","displayName":"Directory","description":"The directory to which files should be written. You may use expression language such as /aa/bb/${path}","defaultValue":null,"allowableValues":null,"required":true,"sensitive":false,"dynamic":false,"supportsEl":true,"identifiesControllerService":null},"templateValue":"/tmp/tweet","userEditable":false,"renderType":"text","renderOptions":{},"selected":true,"inputProperty":false,"containsConfigurationVariables":false,"sensitive":false,"required":true,"templateProperty":null,"idKey":"32325bca-015f-1000-da66-9ac532d046e8-f669ecbf-4928-35a4-c8bd-8ea66f2193dc-Directory","processorNameTypeKey":"PutFile-org.apache.nifi.processors.standard.PutFile-Directory","nameKey":"NiFi Flow-PutFile-Directory"}],"type":"org.apache.nifi.processors.standard.PutFile","name":"PutFile","id":"f669ecbf-4928-35a4-c8bd-8ea66f2193dc","groupName":"NiFi Flow","groupId":"32325bca-015f-1000-da66-9ac532d046e8","inputProcessor":false,"userDefinedInputProcessor":false}],"inputProcessors":[{"properties":[{"processGroupName":"NiFi Flow","processorName":"GetTwitter","processorId":"3937b63b-9ad8-3b9f-52ee-57e97721bc7f","processGroupId":"32325bca-015f-1000-da66-9ac532d046e8","processorType":"org.apache.nifi.processors.twitter.GetTwitter","key":"Access Token","value":"824240474496049153-0S34IxVJema3qUgTcPOUd9uZNtcBbSE","expressionProperties":null,"propertyDescriptor":{"name":"Access Token","displayName":"Access Token","description":"The Access Token provided by Twitter","defaultValue":null,"allowableValues":null,"required":true,"sensitive":false,"dynamic":false,"supportsEl":false,"identifiesControllerService":null},"templateValue":"824240474496049153-0S34IxVJema3qUgTcPOUd9uZNtcBbSE","userEditable":true,"renderType":"text","renderOptions":{},"selected":true,"inputProperty":true,"containsConfigurationVariables":false,"sensitive":false,"required":true,"templateProperty":null,"idKey":"32325bca-015f-1000-da66-9ac532d046e8-3937b63b-9ad8-3b9f-52ee-57e97721bc7f-Access Token","processorNameTypeKey":"GetTwitter-org.apache.nifi.processors.twitter.GetTwitter-Access Token","nameKey":"NiFi Flow-GetTwitter-Access Token"},{"processGroupName":"NiFi Flow","processorName":"GetTwitter","processorId":"3937b63b-9ad8-3b9f-52ee-57e97721bc7f","processGroupId":"32325bca-015f-1000-da66-9ac532d046e8","processorType":"org.apache.nifi.processors.twitter.GetTwitter","key":"Access Token Secret","value":null,"expressionProperties":null,"propertyDescriptor":{"name":"Access Token Secret","displayName":"Access Token Secret","description":"The Access Token Secret provided by Twitter","defaultValue":null,"allowableValues":null,"required":true,"sensitive":true,"dynamic":false,"supportsEl":false,"identifiesControllerService":null},"templateValue":"******","userEditable":true,"renderType":"text","renderOptions":{},"selected":true,"inputProperty":true,"containsConfigurationVariables":false,"sensitive":true,"required":true,"templateProperty":null,"idKey":"32325bca-015f-1000-da66-9ac532d046e8-3937b63b-9ad8-3b9f-52ee-57e97721bc7f-Access Token Secret","processorNameTypeKey":"GetTwitter-org.apache.nifi.processors.twitter.GetTwitter-Access Token Secret","nameKey":"NiFi Flow-GetTwitter-Access Token Secret"},{"processGroupName":"NiFi Flow","processorName":"GetTwitter","processorId":"3937b63b-9ad8-3b9f-52ee-57e97721bc7f","processGroupId":"32325bca-015f-1000-da66-9ac532d046e8","processorType":"org.apache.nifi.processors.twitter.GetTwitter","key":"Consumer Key","value":"AMKvUcByiXS34q6vsFXXLThbT","expressionProperties":null,"propertyDescriptor":{"name":"Consumer Key","displayName":"Consumer Key","description":"The Consumer Key provided by Twitter","defaultValue":null,"allowableValues":null,"required":true,"sensitive":false,"dynamic":false,"supportsEl":false,"identifiesControllerService":null},"templateValue":"AMKvUcByiXS34q6vsFXXLThbT","userEditable":true,"renderType":"text","renderOptions":{},"selected":true,"inputProperty":true,"containsConfigurationVariables":false,"sensitive":false,"required":true,"templateProperty":null,"idKey":"32325bca-015f-1000-da66-9ac532d046e8-3937b63b-9ad8-3b9f-52ee-57e97721bc7f-Consumer Key","processorNameTypeKey":"GetTwitter-org.apache.nifi.processors.twitter.GetTwitter-Consumer Key","nameKey":"NiFi Flow-GetTwitter-Consumer Key"},{"processGroupName":"NiFi Flow","processorName":"GetTwitter","processorId":"3937b63b-9ad8-3b9f-52ee-57e97721bc7f","processGroupId":"32325bca-015f-1000-da66-9ac532d046e8","processorType":"org.apache.nifi.processors.twitter.GetTwitter","key":"Consumer Secret","value":null,"expressionProperties":null,"propertyDescriptor":{"name":"Consumer Secret","displayName":"Consumer Secret","description":"The Consumer Secret provided by Twitter","defaultValue":null,"allowableValues":null,"required":true,"sensitive":true,"dynamic":false,"supportsEl":false,"identifiesControllerService":null},"templateValue":"******","userEditable":true,"renderType":"text","renderOptions":{},"selected":true,"inputProperty":true,"containsConfigurationVariables":false,"sensitive":true,"required":true,"templateProperty":null,"idKey":"32325bca-015f-1000-da66-9ac532d046e8-3937b63b-9ad8-3b9f-52ee-57e97721bc7f-Consumer Secret","processorNameTypeKey":"GetTwitter-org.apache.nifi.processors.twitter.GetTwitter-Consumer Secret","nameKey":"NiFi Flow-GetTwitter-Consumer Secret"}],"type":"org.apache.nifi.processors.twitter.GetTwitter","name":"GetTwitter","id":"3937b63b-9ad8-3b9f-52ee-57e97721bc7f","groupName":"NiFi Flow","groupId":"32325bca-015f-1000-da66-9ac532d046e8","inputProcessor":true,"userDefinedInputProcessor":false}],"id":"af2fc23b-fdf1-4bd0-8055-893266007c9a","nifiTemplateId":"a00b9adc-573a-4e79-9c95-d25cb52beed6","templateName":"Twitter_New","updateDate":1508375809338,"createDate":1508375737379,"icon":null,"iconColor":null,"description":null,"state":"ENABLED","defineTable":false,"reusableTemplate":false,"reusableTemplateConnections":[],"registeredDatasourceDefinitions":[{"processorType":"org.apache.nifi.processors.standard.PutFile","processorName":"PutFile","processorId":"f669ecbf-4928-35a4-0000-000000000000","datasourceDefinition":{"processorType":"org.apache.nifi.processors.standard.PutFile","connectionType":"DESTINATION","datasourcePropertyKeys":["Directory"],"datasourceType":"DirectoryDatasource","identityString":"${Directory}","description":null,"title":"${Directory}"}}],"order":6,"templateOrder":null,"feedsCount":1,"templateTableOption":"NO_TABLE","timeBetweenStartingBatchJobs":1000,"stream":true,"allowPreconditions":false,"dataTransformation":false,"isStream":true}