{"owner":{"displayName":"Data Lake Administrator","email":null,"enabled":true,"groups":["admin","user"],"systemName":"dladmin"},"allowedActions":{"actions":[{"systemName":"accessTemplate","actions":[{"systemName":"editTemplate"},{"systemName":"deleteTemplate"},{"systemName":"exportTemplate"},{"systemName":"createFeedFromTemplate"},{"systemName":"changeTemplatePermissions"}]}]},"roleMemberships":[],"feedRoleMemberships":[],"properties":[{"processGroupName":"NiFi Flow","processorName":"GetHTTP","processorId":"85088097-02ea-32f0-7586-b4960de22962","processGroupId":"321fe9a8-015f-1000-a8ce-0db9492ed317","processorType":"org.apache.nifi.processors.standard.GetHTTP","key":"Filename","value":"template","expressionProperties":null,"propertyDescriptor":{"name":"Filename","displayName":"Filename","description":"The filename to assign to the file when pulled","defaultValue":null,"allowableValues":null,"required":true,"sensitive":false,"dynamic":false,"supportsEl":true,"identifiesControllerService":null},"templateValue":"test","userEditable":true,"renderType":"text","renderOptions":{},"selected":true,"inputProperty":true,"containsConfigurationVariables":false,"sensitive":false,"required":true,"templateProperty":null,"idKey":"321fe9a8-015f-1000-a8ce-0db9492ed317-85088097-02ea-32f0-7586-b4960de22962-Filename","processorNameTypeKey":"GetHTTP-org.apache.nifi.processors.standard.GetHTTP-Filename","nameKey":"NiFi Flow-GetHTTP-Filename"},{"processGroupName":"NiFi Flow","processorName":"GetHTTP","processorId":"85088097-02ea-32f0-7586-b4960de22962","processGroupId":"321fe9a8-015f-1000-a8ce-0db9492ed317","processorType":"org.apache.nifi.processors.standard.GetHTTP","key":"URL","value":"http://www.qogdata.pol.gu.se/data/qog_std_ts_jan17.csv","expressionProperties":null,"propertyDescriptor":{"name":"URL","displayName":"URL","description":"The URL to pull from","defaultValue":null,"allowableValues":null,"required":true,"sensitive":false,"dynamic":false,"supportsEl":true,"identifiesControllerService":null},"templateValue":"http://www.qogdata.pol.gu.se/data/qog_std_ts_jan17.csv","userEditable":true,"renderType":"text","renderOptions":{},"selected":true,"inputProperty":true,"containsConfigurationVariables":false,"sensitive":false,"required":true,"templateProperty":null,"idKey":"321fe9a8-015f-1000-a8ce-0db9492ed317-85088097-02ea-32f0-7586-b4960de22962-URL","processorNameTypeKey":"GetHTTP-org.apache.nifi.processors.standard.GetHTTP-URL","nameKey":"NiFi Flow-GetHTTP-URL"},{"processGroupName":"NiFi Flow","processorName":"PutFile","processorId":"560ea48d-9ff8-3981-9fbc-2273fe7db8f2","processGroupId":"321fe9a8-015f-1000-a8ce-0db9492ed317","processorType":"org.apache.nifi.processors.standard.PutFile","key":"Create Missing Directories","value":"true","expressionProperties":null,"propertyDescriptor":{"name":"Create Missing Directories","displayName":"Create Missing Directories","description":"If true, then missing destination directories will be created. If false, flowfiles are penalized and sent to failure.","defaultValue":"true","allowableValues":[{"displayName":"true","value":"true","description":null},{"displayName":"false","value":"false","description":null}],"required":true,"sensitive":false,"dynamic":false,"supportsEl":false,"identifiesControllerService":null},"templateValue":"true","userEditable":false,"renderType":"select","renderOptions":{},"selected":true,"inputProperty":false,"containsConfigurationVariables":false,"sensitive":false,"required":true,"templateProperty":null,"idKey":"321fe9a8-015f-1000-a8ce-0db9492ed317-560ea48d-9ff8-3981-9fbc-2273fe7db8f2-Create Missing Directories","processorNameTypeKey":"PutFile-org.apache.nifi.processors.standard.PutFile-Create Missing Directories","nameKey":"NiFi Flow-PutFile-Create Missing Directories"},{"processGroupName":"NiFi Flow","processorName":"PutFile","processorId":"560ea48d-9ff8-3981-9fbc-2273fe7db8f2","processGroupId":"321fe9a8-015f-1000-a8ce-0db9492ed317","processorType":"org.apache.nifi.processors.standard.PutFile","key":"Directory","value":"/tmp/template","expressionProperties":null,"propertyDescriptor":{"name":"Directory","displayName":"Directory","description":"The directory to which files should be written. You may use expression language such as /aa/bb/${path}","defaultValue":null,"allowableValues":null,"required":true,"sensitive":false,"dynamic":false,"supportsEl":true,"identifiesControllerService":null},"templateValue":"/tmp/template","userEditable":true,"renderType":"text","renderOptions":{},"selected":true,"inputProperty":false,"containsConfigurationVariables":false,"sensitive":false,"required":true,"templateProperty":null,"idKey":"321fe9a8-015f-1000-a8ce-0db9492ed317-560ea48d-9ff8-3981-9fbc-2273fe7db8f2-Directory","processorNameTypeKey":"PutFile-org.apache.nifi.processors.standard.PutFile-Directory","nameKey":"NiFi Flow-PutFile-Directory"}],"nonInputProcessors":[{"properties":[{"processGroupName":"NiFi Flow","processorName":"PutFile","processorId":"560ea48d-9ff8-3981-9fbc-2273fe7db8f2","processGroupId":"321fe9a8-015f-1000-a8ce-0db9492ed317","processorType":"org.apache.nifi.processors.standard.PutFile","key":"Create Missing Directories","value":"true","expressionProperties":null,"propertyDescriptor":{"name":"Create Missing Directories","displayName":"Create Missing Directories","description":"If true, then missing destination directories will be created. If false, flowfiles are penalized and sent to failure.","defaultValue":"true","allowableValues":[{"displayName":"true","value":"true","description":null},{"displayName":"false","value":"false","description":null}],"required":true,"sensitive":false,"dynamic":false,"supportsEl":false,"identifiesControllerService":null},"templateValue":"true","userEditable":false,"renderType":"select","renderOptions":{},"selected":true,"inputProperty":false,"containsConfigurationVariables":false,"sensitive":false,"required":true,"templateProperty":null,"idKey":"321fe9a8-015f-1000-a8ce-0db9492ed317-560ea48d-9ff8-3981-9fbc-2273fe7db8f2-Create Missing Directories","processorNameTypeKey":"PutFile-org.apache.nifi.processors.standard.PutFile-Create Missing Directories","nameKey":"NiFi Flow-PutFile-Create Missing Directories"},{"processGroupName":"NiFi Flow","processorName":"PutFile","processorId":"560ea48d-9ff8-3981-9fbc-2273fe7db8f2","processGroupId":"321fe9a8-015f-1000-a8ce-0db9492ed317","processorType":"org.apache.nifi.processors.standard.PutFile","key":"Directory","value":"/tmp/template","expressionProperties":null,"propertyDescriptor":{"name":"Directory","displayName":"Directory","description":"The directory to which files should be written. You may use expression language such as /aa/bb/${path}","defaultValue":null,"allowableValues":null,"required":true,"sensitive":false,"dynamic":false,"supportsEl":true,"identifiesControllerService":null},"templateValue":"/tmp/template","userEditable":true,"renderType":"text","renderOptions":{},"selected":true,"inputProperty":false,"containsConfigurationVariables":false,"sensitive":false,"required":true,"templateProperty":null,"idKey":"321fe9a8-015f-1000-a8ce-0db9492ed317-560ea48d-9ff8-3981-9fbc-2273fe7db8f2-Directory","processorNameTypeKey":"PutFile-org.apache.nifi.processors.standard.PutFile-Directory","nameKey":"NiFi Flow-PutFile-Directory"}],"type":"org.apache.nifi.processors.standard.PutFile","name":"PutFile","id":"560ea48d-9ff8-3981-9fbc-2273fe7db8f2","groupName":"NiFi Flow","groupId":"321fe9a8-015f-1000-a8ce-0db9492ed317","inputProcessor":false,"userDefinedInputProcessor":false}],"inputProcessors":[{"properties":[{"processGroupName":"NiFi Flow","processorName":"GetHTTP","processorId":"85088097-02ea-32f0-7586-b4960de22962","processGroupId":"321fe9a8-015f-1000-a8ce-0db9492ed317","processorType":"org.apache.nifi.processors.standard.GetHTTP","key":"Filename","value":"template","expressionProperties":null,"propertyDescriptor":{"name":"Filename","displayName":"Filename","description":"The filename to assign to the file when pulled","defaultValue":null,"allowableValues":null,"required":true,"sensitive":false,"dynamic":false,"supportsEl":true,"identifiesControllerService":null},"templateValue":"test","userEditable":true,"renderType":"text","renderOptions":{},"selected":true,"inputProperty":true,"containsConfigurationVariables":false,"sensitive":false,"required":true,"templateProperty":null,"idKey":"321fe9a8-015f-1000-a8ce-0db9492ed317-85088097-02ea-32f0-7586-b4960de22962-Filename","processorNameTypeKey":"GetHTTP-org.apache.nifi.processors.standard.GetHTTP-Filename","nameKey":"NiFi Flow-GetHTTP-Filename"},{"processGroupName":"NiFi Flow","processorName":"GetHTTP","processorId":"85088097-02ea-32f0-7586-b4960de22962","processGroupId":"321fe9a8-015f-1000-a8ce-0db9492ed317","processorType":"org.apache.nifi.processors.standard.GetHTTP","key":"URL","value":"http://www.qogdata.pol.gu.se/data/qog_std_ts_jan17.csv","expressionProperties":null,"propertyDescriptor":{"name":"URL","displayName":"URL","description":"The URL to pull from","defaultValue":null,"allowableValues":null,"required":true,"sensitive":false,"dynamic":false,"supportsEl":true,"identifiesControllerService":null},"templateValue":"http://www.qogdata.pol.gu.se/data/qog_std_ts_jan17.csv","userEditable":true,"renderType":"text","renderOptions":{},"selected":true,"inputProperty":true,"containsConfigurationVariables":false,"sensitive":false,"required":true,"templateProperty":null,"idKey":"321fe9a8-015f-1000-a8ce-0db9492ed317-85088097-02ea-32f0-7586-b4960de22962-URL","processorNameTypeKey":"GetHTTP-org.apache.nifi.processors.standard.GetHTTP-URL","nameKey":"NiFi Flow-GetHTTP-URL"}],"type":"org.apache.nifi.processors.standard.GetHTTP","name":"GetHTTP","id":"85088097-02ea-32f0-7586-b4960de22962","groupName":"NiFi Flow","groupId":"321fe9a8-015f-1000-a8ce-0db9492ed317","inputProcessor":true,"userDefinedInputProcessor":false}],"id":"8ce742b6-9760-4e6c-9a29-177faa5a9523","nifiTemplateId":"6ed00467-2838-4c26-9038-c8dd0bf8de63","templateName":"GetHttpNew","updateDate":1508375462874,"createDate":1508374528745,"icon":null,"iconColor":null,"description":null,"state":"ENABLED","defineTable":false,"reusableTemplate":false,"reusableTemplateConnections":[],"registeredDatasourceDefinitions":[{"processorType":"org.apache.nifi.processors.standard.GetHTTP","processorName":"GetHTTP","processorId":"85088097-02ea-32f0-0000-000000000000","datasourceDefinition":{"processorType":"org.apache.nifi.processors.standard.GetHTTP","connectionType":"SOURCE","datasourcePropertyKeys":["File Name","URL"],"datasourceType":"HTTPDatasource","identityString":"${File Name},${URL}","description":null,"title":"${File Name},${URL}"}},{"processorType":"org.apache.nifi.processors.standard.PutFile","processorName":"PutFile","processorId":"560ea48d-9ff8-3981-0000-000000000000","datasourceDefinition":{"processorType":"org.apache.nifi.processors.standard.PutFile","connectionType":"DESTINATION","datasourcePropertyKeys":["Directory"],"datasourceType":"DirectoryDatasource","identityString":"${Directory}","description":null,"title":"${Directory}"}}],"order":4,"templateOrder":null,"feedsCount":4,"templateTableOption":"NO_TABLE","timeBetweenStartingBatchJobs":1000,"stream":false,"allowPreconditions":false,"dataTransformation":false,"isStream":false}