<?xml version="1.0" ?>
<template encoding-version="1.1">
  <description></description>
  <groupId>322c0fa1-015f-1000-f96f-a643efcd4d95</groupId>
  <name>GetAndExtract</name>
  <snippet>
    <connections>
      <id>3df73aeb-aa43-3d73-0000-000000000000</id>
      <parentGroupId>02da8e6a-5819-33de-0000-000000000000</parentGroupId>
      <backPressureDataSizeThreshold>1 GB</backPressureDataSizeThreshold>
      <backPressureObjectThreshold>10000</backPressureObjectThreshold>
      <destination>
        <groupId>02da8e6a-5819-33de-0000-000000000000</groupId>
        <id>7ac2ca5d-5257-3501-0000-000000000000</id>
        <type>PROCESSOR</type>
      </destination>
      <flowFileExpiration>0 sec</flowFileExpiration>
      <labelIndex>1</labelIndex>
      <name></name>
      <selectedRelationships>success</selectedRelationships>
      <source>
        <groupId>02da8e6a-5819-33de-0000-000000000000</groupId>
        <id>ab542a5d-4a71-33eb-0000-000000000000</id>
        <type>PROCESSOR</type>
      </source>
      <zIndex>0</zIndex>
    </connections>
    <connections>
      <id>71f6e233-6adf-36be-0000-000000000000</id>
      <parentGroupId>02da8e6a-5819-33de-0000-000000000000</parentGroupId>
      <backPressureDataSizeThreshold>1 GB</backPressureDataSizeThreshold>
      <backPressureObjectThreshold>10000</backPressureObjectThreshold>
      <destination>
        <groupId>02da8e6a-5819-33de-0000-000000000000</groupId>
        <id>2e113622-80f4-3ea2-0000-000000000000</id>
        <type>PROCESSOR</type>
      </destination>
      <flowFileExpiration>0 sec</flowFileExpiration>
      <labelIndex>1</labelIndex>
      <name></name>
      <selectedRelationships>success</selectedRelationships>
      <source>
        <groupId>02da8e6a-5819-33de-0000-000000000000</groupId>
        <id>7ac2ca5d-5257-3501-0000-000000000000</id>
        <type>PROCESSOR</type>
      </source>
      <zIndex>0</zIndex>
    </connections>
    <controllerServices>
      <id>504c4507-0f37-3c89-0000-000000000000</id>
      <parentGroupId>02da8e6a-5819-33de-0000-000000000000</parentGroupId>
      <bundle>
        <artifact>nifi-ssl-context-service-nar</artifact>
        <group>org.apache.nifi</group>
        <version>1.3.0</version>
      </bundle>
      <comments></comments>
      <descriptors>
        <entry>
          <key>Keystore Filename</key>
          <value>
            <name>Keystore Filename</name>
          </value>
        </entry>
        <entry>
          <key>Keystore Password</key>
          <value>
            <name>Keystore Password</name>
          </value>
        </entry>
        <entry>
          <key>key-password</key>
          <value>
            <name>key-password</name>
          </value>
        </entry>
        <entry>
          <key>Keystore Type</key>
          <value>
            <name>Keystore Type</name>
          </value>
        </entry>
        <entry>
          <key>Truststore Filename</key>
          <value>
            <name>Truststore Filename</name>
          </value>
        </entry>
        <entry>
          <key>Truststore Password</key>
          <value>
            <name>Truststore Password</name>
          </value>
        </entry>
        <entry>
          <key>Truststore Type</key>
          <value>
            <name>Truststore Type</name>
          </value>
        </entry>
        <entry>
          <key>SSL Protocol</key>
          <value>
            <name>SSL Protocol</name>
          </value>
        </entry>
      </descriptors>
      <name>StandardSSLContextService</name>
      <persistsState>false</persistsState>
      <properties>
        <entry>
          <key>Keystore Filename</key>
          <value>/etc/pki/java/cacerts</value>
        </entry>
        <entry>
          <key>Keystore Password</key>
        </entry>
        <entry>
          <key>key-password</key>
        </entry>
        <entry>
          <key>Keystore Type</key>
          <value>JKS</value>
        </entry>
        <entry>
          <key>Truststore Filename</key>
          <value>/etc/pki/java/cacerts</value>
        </entry>
        <entry>
          <key>Truststore Password</key>
        </entry>
        <entry>
          <key>Truststore Type</key>
          <value>JKS</value>
        </entry>
        <entry>
          <key>SSL Protocol</key>
        </entry>
      </properties>
      <state>ENABLED</state>
      <type>org.apache.nifi.ssl.StandardSSLContextService</type>
    </controllerServices>
    <processors>
      <id>ab542a5d-4a71-33eb-0000-000000000000</id>
      <parentGroupId>02da8e6a-5819-33de-0000-000000000000</parentGroupId>
      <position>
        <x>0.0</x>
        <y>0.0</y>
      </position>
      <bundle>
        <artifact>nifi-standard-nar</artifact>
        <group>org.apache.nifi</group>
        <version>1.3.0</version>
      </bundle>
      <config>
        <bulletinLevel>WARN</bulletinLevel>
        <comments></comments>
        <concurrentlySchedulableTaskCount>1</concurrentlySchedulableTaskCount>
        <descriptors>
          <entry>
            <key>URL</key>
            <value>
              <name>URL</name>
            </value>
          </entry>
          <entry>
            <key>Filename</key>
            <value>
              <name>Filename</name>
            </value>
          </entry>
          <entry>
            <key>SSL Context Service</key>
            <value>
              <identifiesControllerService>org.apache.nifi.ssl.SSLContextService</identifiesControllerService>
              <name>SSL Context Service</name>
            </value>
          </entry>
          <entry>
            <key>Username</key>
            <value>
              <name>Username</name>
            </value>
          </entry>
          <entry>
            <key>Password</key>
            <value>
              <name>Password</name>
            </value>
          </entry>
          <entry>
            <key>Connection Timeout</key>
            <value>
              <name>Connection Timeout</name>
            </value>
          </entry>
          <entry>
            <key>Data Timeout</key>
            <value>
              <name>Data Timeout</name>
            </value>
          </entry>
          <entry>
            <key>User Agent</key>
            <value>
              <name>User Agent</name>
            </value>
          </entry>
          <entry>
            <key>Accept Content-Type</key>
            <value>
              <name>Accept Content-Type</name>
            </value>
          </entry>
          <entry>
            <key>Follow Redirects</key>
            <value>
              <name>Follow Redirects</name>
            </value>
          </entry>
          <entry>
            <key>redirect-cookie-policy</key>
            <value>
              <name>redirect-cookie-policy</name>
            </value>
          </entry>
          <entry>
            <key>Proxy Host</key>
            <value>
              <name>Proxy Host</name>
            </value>
          </entry>
          <entry>
            <key>Proxy Port</key>
            <value>
              <name>Proxy Port</name>
            </value>
          </entry>
        </descriptors>
        <executionNode>ALL</executionNode>
        <lossTolerant>false</lossTolerant>
        <penaltyDuration>30 sec</penaltyDuration>
        <properties>
          <entry>
            <key>URL</key>
            <value>http://api.worldbank.org/v2/en/indicator/VC.IHR.PSRC.P5?downloadformat=csv</value>
          </entry>
          <entry>
            <key>Filename</key>
            <value>homicides</value>
          </entry>
          <entry>
            <key>SSL Context Service</key>
            <value>504c4507-0f37-3c89-0000-000000000000</value>
          </entry>
          <entry>
            <key>Username</key>
          </entry>
          <entry>
            <key>Password</key>
          </entry>
          <entry>
            <key>Connection Timeout</key>
            <value>30 sec</value>
          </entry>
          <entry>
            <key>Data Timeout</key>
            <value>30 sec</value>
          </entry>
          <entry>
            <key>User Agent</key>
          </entry>
          <entry>
            <key>Accept Content-Type</key>
          </entry>
          <entry>
            <key>Follow Redirects</key>
            <value>false</value>
          </entry>
          <entry>
            <key>redirect-cookie-policy</key>
            <value>default</value>
          </entry>
          <entry>
            <key>Proxy Host</key>
          </entry>
          <entry>
            <key>Proxy Port</key>
          </entry>
        </properties>
        <runDurationMillis>0</runDurationMillis>
        <schedulingPeriod>0 sec</schedulingPeriod>
        <schedulingStrategy>TIMER_DRIVEN</schedulingStrategy>
        <yieldDuration>1 sec</yieldDuration>
      </config>
      <name>GetHTTP</name>
      <relationships>
        <autoTerminate>false</autoTerminate>
        <name>success</name>
      </relationships>
      <style></style>
      <type>org.apache.nifi.processors.standard.GetHTTP</type>
    </processors>
    <processors>
      <id>2e113622-80f4-3ea2-0000-000000000000</id>
      <parentGroupId>02da8e6a-5819-33de-0000-000000000000</parentGroupId>
      <position>
        <x>76.0</x>
        <y>438.0</y>
      </position>
      <bundle>
        <artifact>nifi-standard-nar</artifact>
        <group>org.apache.nifi</group>
        <version>1.3.0</version>
      </bundle>
      <config>
        <bulletinLevel>WARN</bulletinLevel>
        <comments></comments>
        <concurrentlySchedulableTaskCount>1</concurrentlySchedulableTaskCount>
        <descriptors>
          <entry>
            <key>Directory</key>
            <value>
              <name>Directory</name>
            </value>
          </entry>
          <entry>
            <key>Conflict Resolution Strategy</key>
            <value>
              <name>Conflict Resolution Strategy</name>
            </value>
          </entry>
          <entry>
            <key>Create Missing Directories</key>
            <value>
              <name>Create Missing Directories</name>
            </value>
          </entry>
          <entry>
            <key>Maximum File Count</key>
            <value>
              <name>Maximum File Count</name>
            </value>
          </entry>
          <entry>
            <key>Last Modified Time</key>
            <value>
              <name>Last Modified Time</name>
            </value>
          </entry>
          <entry>
            <key>Permissions</key>
            <value>
              <name>Permissions</name>
            </value>
          </entry>
          <entry>
            <key>Owner</key>
            <value>
              <name>Owner</name>
            </value>
          </entry>
          <entry>
            <key>Group</key>
            <value>
              <name>Group</name>
            </value>
          </entry>
        </descriptors>
        <executionNode>ALL</executionNode>
        <lossTolerant>false</lossTolerant>
        <penaltyDuration>30 sec</penaltyDuration>
        <properties>
          <entry>
            <key>Directory</key>
            <value>/var/dropzone/homicides</value>
          </entry>
          <entry>
            <key>Conflict Resolution Strategy</key>
            <value>replace</value>
          </entry>
          <entry>
            <key>Create Missing Directories</key>
            <value>true</value>
          </entry>
          <entry>
            <key>Maximum File Count</key>
          </entry>
          <entry>
            <key>Last Modified Time</key>
          </entry>
          <entry>
            <key>Permissions</key>
          </entry>
          <entry>
            <key>Owner</key>
          </entry>
          <entry>
            <key>Group</key>
          </entry>
        </properties>
        <runDurationMillis>0</runDurationMillis>
        <schedulingPeriod>0 sec</schedulingPeriod>
        <schedulingStrategy>TIMER_DRIVEN</schedulingStrategy>
        <yieldDuration>1 sec</yieldDuration>
      </config>
      <name>PutFile</name>
      <relationships>
        <autoTerminate>true</autoTerminate>
        <name>failure</name>
      </relationships>
      <relationships>
        <autoTerminate>true</autoTerminate>
        <name>success</name>
      </relationships>
      <style></style>
      <type>org.apache.nifi.processors.standard.PutFile</type>
    </processors>
    <processors>
      <id>7ac2ca5d-5257-3501-0000-000000000000</id>
      <parentGroupId>02da8e6a-5819-33de-0000-000000000000</parentGroupId>
      <position>
        <x>10.0</x>
        <y>214.0</y>
      </position>
      <bundle>
        <artifact>nifi-standard-nar</artifact>
        <group>org.apache.nifi</group>
        <version>1.3.0</version>
      </bundle>
      <config>
        <bulletinLevel>WARN</bulletinLevel>
        <comments></comments>
        <concurrentlySchedulableTaskCount>1</concurrentlySchedulableTaskCount>
        <descriptors>
          <entry>
            <key>Packaging Format</key>
            <value>
              <name>Packaging Format</name>
            </value>
          </entry>
          <entry>
            <key>File Filter</key>
            <value>
              <name>File Filter</name>
            </value>
          </entry>
        </descriptors>
        <executionNode>ALL</executionNode>
        <lossTolerant>false</lossTolerant>
        <penaltyDuration>30 sec</penaltyDuration>
        <properties>
          <entry>
            <key>Packaging Format</key>
            <value>use mime.type attribute</value>
          </entry>
          <entry>
            <key>File Filter</key>
            <value>.*</value>
          </entry>
        </properties>
        <runDurationMillis>0</runDurationMillis>
        <schedulingPeriod>0 sec</schedulingPeriod>
        <schedulingStrategy>TIMER_DRIVEN</schedulingStrategy>
        <yieldDuration>1 sec</yieldDuration>
      </config>
      <name>UnpackContent</name>
      <relationships>
        <autoTerminate>true</autoTerminate>
        <name>failure</name>
      </relationships>
      <relationships>
        <autoTerminate>true</autoTerminate>
        <name>original</name>
      </relationships>
      <relationships>
        <autoTerminate>false</autoTerminate>
        <name>success</name>
      </relationships>
      <style></style>
      <type>org.apache.nifi.processors.standard.UnpackContent</type>
    </processors>
  </snippet>
  <timestamp>10/19/2017 01:10:47 UTC</timestamp>
</template>