{"owner":{"displayName":"Data Lake Administrator","email":null,"enabled":true,"groups":["admin","user"],"systemName":"dladmin"},"allowedActions":{"actions":[{"systemName":"accessTemplate","actions":[{"systemName":"editTemplate"},{"systemName":"deleteTemplate"},{"systemName":"exportTemplate"},{"systemName":"createFeedFromTemplate"},{"systemName":"changeTemplatePermissions"}]}]},"roleMemberships":[],"feedRoleMemberships":[],"properties":[{"processGroupName":"NiFi Flow","processorName":"GetHTTP","processorId":"ab542a5d-4a71-33eb-9c45-37510e34bf44","processGroupId":"322f3b14-015f-1000-9c4c-4835798fa5c4","processorType":"org.apache.nifi.processors.standard.GetHTTP","key":"Filename","value":"homicides","expressionProperties":null,"propertyDescriptor":{"name":"Filename","displayName":"Filename","description":"The filename to assign to the file when pulled","defaultValue":null,"allowableValues":null,"required":true,"sensitive":false,"dynamic":false,"supportsEl":true,"identifiesControllerService":null},"templateValue":"homicides","userEditable":false,"renderType":"text","renderOptions":{},"selected":true,"inputProperty":true,"containsConfigurationVariables":false,"sensitive":false,"required":true,"templateProperty":null,"idKey":"322f3b14-015f-1000-9c4c-4835798fa5c4-ab542a5d-4a71-33eb-9c45-37510e34bf44-Filename","processorNameTypeKey":"GetHTTP-org.apache.nifi.processors.standard.GetHTTP-Filename","nameKey":"NiFi Flow-GetHTTP-Filename"},{"processGroupName":"NiFi Flow","processorName":"GetHTTP","processorId":"ab542a5d-4a71-33eb-9c45-37510e34bf44","processGroupId":"322f3b14-015f-1000-9c4c-4835798fa5c4","processorType":"org.apache.nifi.processors.standard.GetHTTP","key":"URL","value":"http://api.worldbank.org/v2/en/indicator/VC.IHR.PSRC.P5?downloadformat=csv","expressionProperties":null,"propertyDescriptor":{"name":"URL","displayName":"URL","description":"The URL to pull from","defaultValue":null,"allowableValues":null,"required":true,"sensitive":false,"dynamic":false,"supportsEl":true,"identifiesControllerService":null},"templateValue":"http://api.worldbank.org/v2/en/indicator/VC.IHR.PSRC.P5?downloadformat=csv","userEditable":false,"renderType":"text","renderOptions":{},"selected":true,"inputProperty":true,"containsConfigurationVariables":false,"sensitive":false,"required":true,"templateProperty":null,"idKey":"322f3b14-015f-1000-9c4c-4835798fa5c4-ab542a5d-4a71-33eb-9c45-37510e34bf44-URL","processorNameTypeKey":"GetHTTP-org.apache.nifi.processors.standard.GetHTTP-URL","nameKey":"NiFi Flow-GetHTTP-URL"},{"processGroupName":"NiFi Flow","processorName":"PutFile","processorId":"2e113622-80f4-3ea2-1bd8-594f57cf38d6","processGroupId":"322f3b14-015f-1000-9c4c-4835798fa5c4","processorType":"org.apache.nifi.processors.standard.PutFile","key":"Conflict Resolution Strategy","value":"replace","expressionProperties":null,"propertyDescriptor":{"name":"Conflict Resolution Strategy","displayName":"Conflict Resolution Strategy","description":"Indicates what should happen when a file with the same name already exists in the output directory","defaultValue":"fail","allowableValues":[{"displayName":"replace","value":"replace","description":null},{"displayName":"ignore","value":"ignore","description":null},{"displayName":"fail","value":"fail","description":null}],"required":true,"sensitive":false,"dynamic":false,"supportsEl":false,"identifiesControllerService":null},"templateValue":"replace","userEditable":false,"renderType":"select","renderOptions":{},"selected":true,"inputProperty":false,"containsConfigurationVariables":false,"sensitive":false,"required":true,"templateProperty":null,"idKey":"322f3b14-015f-1000-9c4c-4835798fa5c4-2e113622-80f4-3ea2-1bd8-594f57cf38d6-Conflict Resolution Strategy","processorNameTypeKey":"PutFile-org.apache.nifi.processors.standard.PutFile-Conflict Resolution Strategy","nameKey":"NiFi Flow-PutFile-Conflict Resolution Strategy"},{"processGroupName":"NiFi Flow","processorName":"PutFile","processorId":"2e113622-80f4-3ea2-1bd8-594f57cf38d6","processGroupId":"322f3b14-015f-1000-9c4c-4835798fa5c4","processorType":"org.apache.nifi.processors.standard.PutFile","key":"Create Missing Directories","value":"true","expressionProperties":null,"propertyDescriptor":{"name":"Create Missing Directories","displayName":"Create Missing Directories","description":"If true, then missing destination directories will be created. If false, flowfiles are penalized and sent to failure.","defaultValue":"true","allowableValues":[{"displayName":"true","value":"true","description":null},{"displayName":"false","value":"false","description":null}],"required":true,"sensitive":false,"dynamic":false,"supportsEl":false,"identifiesControllerService":null},"templateValue":"true","userEditable":false,"renderType":"select","renderOptions":{},"selected":true,"inputProperty":false,"containsConfigurationVariables":false,"sensitive":false,"required":true,"templateProperty":null,"idKey":"322f3b14-015f-1000-9c4c-4835798fa5c4-2e113622-80f4-3ea2-1bd8-594f57cf38d6-Create Missing Directories","processorNameTypeKey":"PutFile-org.apache.nifi.processors.standard.PutFile-Create Missing Directories","nameKey":"NiFi Flow-PutFile-Create Missing Directories"},{"processGroupName":"NiFi Flow","processorName":"PutFile","processorId":"2e113622-80f4-3ea2-1bd8-594f57cf38d6","processGroupId":"322f3b14-015f-1000-9c4c-4835798fa5c4","processorType":"org.apache.nifi.processors.standard.PutFile","key":"Directory","value":"/var/dropzone/homicides","expressionProperties":null,"propertyDescriptor":{"name":"Directory","displayName":"Directory","description":"The directory to which files should be written. You may use expression language such as /aa/bb/${path}","defaultValue":null,"allowableValues":null,"required":true,"sensitive":false,"dynamic":false,"supportsEl":true,"identifiesControllerService":null},"templateValue":"/var/dropzone/homicides","userEditable":false,"renderType":"text","renderOptions":{},"selected":true,"inputProperty":false,"containsConfigurationVariables":false,"sensitive":false,"required":true,"templateProperty":null,"idKey":"322f3b14-015f-1000-9c4c-4835798fa5c4-2e113622-80f4-3ea2-1bd8-594f57cf38d6-Directory","processorNameTypeKey":"PutFile-org.apache.nifi.processors.standard.PutFile-Directory","nameKey":"NiFi Flow-PutFile-Directory"}],"nonInputProcessors":[{"properties":[{"processGroupName":"NiFi Flow","processorName":"PutFile","processorId":"2e113622-80f4-3ea2-1bd8-594f57cf38d6","processGroupId":"322f3b14-015f-1000-9c4c-4835798fa5c4","processorType":"org.apache.nifi.processors.standard.PutFile","key":"Conflict Resolution Strategy","value":"replace","expressionProperties":null,"propertyDescriptor":{"name":"Conflict Resolution Strategy","displayName":"Conflict Resolution Strategy","description":"Indicates what should happen when a file with the same name already exists in the output directory","defaultValue":"fail","allowableValues":[{"displayName":"replace","value":"replace","description":null},{"displayName":"ignore","value":"ignore","description":null},{"displayName":"fail","value":"fail","description":null}],"required":true,"sensitive":false,"dynamic":false,"supportsEl":false,"identifiesControllerService":null},"templateValue":"replace","userEditable":false,"renderType":"select","renderOptions":{},"selected":true,"inputProperty":false,"containsConfigurationVariables":false,"sensitive":false,"required":true,"templateProperty":null,"idKey":"322f3b14-015f-1000-9c4c-4835798fa5c4-2e113622-80f4-3ea2-1bd8-594f57cf38d6-Conflict Resolution Strategy","processorNameTypeKey":"PutFile-org.apache.nifi.processors.standard.PutFile-Conflict Resolution Strategy","nameKey":"NiFi Flow-PutFile-Conflict Resolution Strategy"},{"processGroupName":"NiFi Flow","processorName":"PutFile","processorId":"2e113622-80f4-3ea2-1bd8-594f57cf38d6","processGroupId":"322f3b14-015f-1000-9c4c-4835798fa5c4","processorType":"org.apache.nifi.processors.standard.PutFile","key":"Create Missing Directories","value":"true","expressionProperties":null,"propertyDescriptor":{"name":"Create Missing Directories","displayName":"Create Missing Directories","description":"If true, then missing destination directories will be created. If false, flowfiles are penalized and sent to failure.","defaultValue":"true","allowableValues":[{"displayName":"true","value":"true","description":null},{"displayName":"false","value":"false","description":null}],"required":true,"sensitive":false,"dynamic":false,"supportsEl":false,"identifiesControllerService":null},"templateValue":"true","userEditable":false,"renderType":"select","renderOptions":{},"selected":true,"inputProperty":false,"containsConfigurationVariables":false,"sensitive":false,"required":true,"templateProperty":null,"idKey":"322f3b14-015f-1000-9c4c-4835798fa5c4-2e113622-80f4-3ea2-1bd8-594f57cf38d6-Create Missing Directories","processorNameTypeKey":"PutFile-org.apache.nifi.processors.standard.PutFile-Create Missing Directories","nameKey":"NiFi Flow-PutFile-Create Missing Directories"},{"processGroupName":"NiFi Flow","processorName":"PutFile","processorId":"2e113622-80f4-3ea2-1bd8-594f57cf38d6","processGroupId":"322f3b14-015f-1000-9c4c-4835798fa5c4","processorType":"org.apache.nifi.processors.standard.PutFile","key":"Directory","value":"/var/dropzone/homicides","expressionProperties":null,"propertyDescriptor":{"name":"Directory","displayName":"Directory","description":"The directory to which files should be written. You may use expression language such as /aa/bb/${path}","defaultValue":null,"allowableValues":null,"required":true,"sensitive":false,"dynamic":false,"supportsEl":true,"identifiesControllerService":null},"templateValue":"/var/dropzone/homicides","userEditable":false,"renderType":"text","renderOptions":{},"selected":true,"inputProperty":false,"containsConfigurationVariables":false,"sensitive":false,"required":true,"templateProperty":null,"idKey":"322f3b14-015f-1000-9c4c-4835798fa5c4-2e113622-80f4-3ea2-1bd8-594f57cf38d6-Directory","processorNameTypeKey":"PutFile-org.apache.nifi.processors.standard.PutFile-Directory","nameKey":"NiFi Flow-PutFile-Directory"}],"type":"org.apache.nifi.processors.standard.PutFile","name":"PutFile","id":"2e113622-80f4-3ea2-1bd8-594f57cf38d6","groupName":"NiFi Flow","groupId":"322f3b14-015f-1000-9c4c-4835798fa5c4","inputProcessor":false,"userDefinedInputProcessor":false}],"inputProcessors":[{"properties":[{"processGroupName":"NiFi Flow","processorName":"GetHTTP","processorId":"ab542a5d-4a71-33eb-9c45-37510e34bf44","processGroupId":"322f3b14-015f-1000-9c4c-4835798fa5c4","processorType":"org.apache.nifi.processors.standard.GetHTTP","key":"Filename","value":"homicides","expressionProperties":null,"propertyDescriptor":{"name":"Filename","displayName":"Filename","description":"The filename to assign to the file when pulled","defaultValue":null,"allowableValues":null,"required":true,"sensitive":false,"dynamic":false,"supportsEl":true,"identifiesControllerService":null},"templateValue":"homicides","userEditable":false,"renderType":"text","renderOptions":{},"selected":true,"inputProperty":true,"containsConfigurationVariables":false,"sensitive":false,"required":true,"templateProperty":null,"idKey":"322f3b14-015f-1000-9c4c-4835798fa5c4-ab542a5d-4a71-33eb-9c45-37510e34bf44-Filename","processorNameTypeKey":"GetHTTP-org.apache.nifi.processors.standard.GetHTTP-Filename","nameKey":"NiFi Flow-GetHTTP-Filename"},{"processGroupName":"NiFi Flow","processorName":"GetHTTP","processorId":"ab542a5d-4a71-33eb-9c45-37510e34bf44","processGroupId":"322f3b14-015f-1000-9c4c-4835798fa5c4","processorType":"org.apache.nifi.processors.standard.GetHTTP","key":"URL","value":"http://api.worldbank.org/v2/en/indicator/VC.IHR.PSRC.P5?downloadformat=csv","expressionProperties":null,"propertyDescriptor":{"name":"URL","displayName":"URL","description":"The URL to pull from","defaultValue":null,"allowableValues":null,"required":true,"sensitive":false,"dynamic":false,"supportsEl":true,"identifiesControllerService":null},"templateValue":"http://api.worldbank.org/v2/en/indicator/VC.IHR.PSRC.P5?downloadformat=csv","userEditable":false,"renderType":"text","renderOptions":{},"selected":true,"inputProperty":true,"containsConfigurationVariables":false,"sensitive":false,"required":true,"templateProperty":null,"idKey":"322f3b14-015f-1000-9c4c-4835798fa5c4-ab542a5d-4a71-33eb-9c45-37510e34bf44-URL","processorNameTypeKey":"GetHTTP-org.apache.nifi.processors.standard.GetHTTP-URL","nameKey":"NiFi Flow-GetHTTP-URL"}],"type":"org.apache.nifi.processors.standard.GetHTTP","name":"GetHTTP","id":"ab542a5d-4a71-33eb-9c45-37510e34bf44","groupName":"NiFi Flow","groupId":"322f3b14-015f-1000-9c4c-4835798fa5c4","inputProcessor":true,"userDefinedInputProcessor":false}],"id":"121033e9-90a4-4594-8dcf-1632989f150c","nifiTemplateId":"3eb3a714-7c96-4423-8b00-a5a644561a97","templateName":"GetAndExtract","updateDate":1508375532923,"createDate":1508375505699,"icon":null,"iconColor":null,"description":null,"state":"ENABLED","defineTable":false,"reusableTemplate":false,"reusableTemplateConnections":[],"registeredDatasourceDefinitions":[{"processorType":"org.apache.nifi.processors.standard.GetHTTP","processorName":"GetHTTP","processorId":"ab542a5d-4a71-33eb-0000-000000000000","datasourceDefinition":{"processorType":"org.apache.nifi.processors.standard.GetHTTP","connectionType":"SOURCE","datasourcePropertyKeys":["File Name","URL"],"datasourceType":"HTTPDatasource","identityString":"${File Name},${URL}","description":null,"title":"${File Name},${URL}"}},{"processorType":"org.apache.nifi.processors.standard.PutFile","processorName":"PutFile","processorId":"2e113622-80f4-3ea2-0000-000000000000","datasourceDefinition":{"processorType":"org.apache.nifi.processors.standard.PutFile","connectionType":"DESTINATION","datasourcePropertyKeys":["Directory"],"datasourceType":"DirectoryDatasource","identityString":"${Directory}","description":null,"title":"${Directory}"}}],"order":5,"templateOrder":null,"feedsCount":1,"templateTableOption":"NO_TABLE","timeBetweenStartingBatchJobs":1000,"stream":false,"allowPreconditions":false,"dataTransformation":false,"isStream":false}